<?xml version="1.0" encoding="UTF-8" standalone="yes"?><?xml-stylesheet type='text/xsl' href='../../stylesheets/contact2html.xsl'?>
<contactDataSet xmlns:common="http://lca.jrc.it/ILCD/Common" xmlns="http://lca.jrc.it/ILCD/Contact" xmlns:xsi="http://www.w3.org/2001/XMLSchema-instance" version="1.1" xsi:schemaLocation="http://lca.jrc.it/ILCD/Contact ../../schemas/ILCD_ContactDataSet.xsd">
    <contactInformation>
        <dataSetInformation>
            <common:UUID>11aadc22-061b-4ed6-94c9-fd93f5765b34</common:UUID>
            <common:shortName xml:lang="en">Bleu Safran</common:shortName>
            <common:name xml:lang="en">Bleu Safran</common:name>
            <classificationInformation>
                <common:classification>
                    <common:class level="0">Organisations</common:class>
                    <common:class level="1">Private companies</common:class>
                </common:classification>
            </classificationInformation>
            <contactAddress xml:lang="en">Magali PALLUAU - Charlotte HUGREL, 41 rue Gambetta, 71 000 Mâcon, France</contactAddress>
            <telephone>+33 616 101 124</telephone>
            <email>m.palluau@bleu-safran.fr</email>
            <WWWAddress>no web site</WWWAddress>
            <centralContactPoint xml:lang="en">c.hugrel@bleu-safran.fr</centralContactPoint>
            <contactDescriptionOrComment xml:lang="en">Bleu Safran was founded in 2011 by Charlotte Hugrel and Magali Palluau, and offers support to private companies or public authorities in the field of LCA. Our core areas of expertise are end-of-life management modelling, LCA applied to packaging systems, transports, and chemistry.</contactDescriptionOrComment>
            <referenceToLogo type="source data set" refObjectId="cd211ce4-c655-4cba-a294-369d98633a80" version="01.00.000" uri="../sources/cd211ce4-c655-4cba-a294-369d98633a80.xml">
                <common:shortDescription xml:lang="en">Logo Bleu Safran</common:shortDescription>
            </referenceToLogo>
        </dataSetInformation>
    </contactInformation>
    <administrativeInformation>
        <dataEntryBy>
            <common:timeStamp>2021-02-17T14:48:39.209+01:00</common:timeStamp>
            <common:referenceToDataSetFormat type="source data set" refObjectId="a97a0155-0234-4b87-b4ce-a45da52f2a40" uri="../sources/a97a0155-0234-4b87-b4ce-a45da52f2a40.xml">
                <common:shortDescription xml:lang="en">ILCD format</common:shortDescription>
            </common:referenceToDataSetFormat>
        </dataEntryBy>
        <publicationAndOwnership>
            <common:dataSetVersion>01.00.000</common:dataSetVersion>
        </publicationAndOwnership>
    </administrativeInformation>
</contactDataSet>
