<?xml version="1.0" encoding="UTF-8" standalone="yes"?><?xml-stylesheet type='text/xsl' href='../../stylesheets/contact2html.xsl'?>
<contactDataSet xmlns:common="http://lca.jrc.it/ILCD/Common" xmlns="http://lca.jrc.it/ILCD/Contact" xmlns:xsi="http://www.w3.org/2001/XMLSchema-instance" version="1.1" xsi:schemaLocation="http://lca.jrc.it/ILCD/Contact ../../schemas/ILCD_ContactDataSet.xsd">
    <contactInformation>
        <dataSetInformation>
            <common:UUID>81fa32d4-5b91-4a0e-a348-d06cffb941ec</common:UUID>
            <common:shortName xml:lang="en">ecosystem</common:shortName>
            <common:name xml:lang="en">ecosystem</common:name>
            <classificationInformation>
                <common:classification>
                    <common:class level="0">Organisations</common:class>
                    <common:class level="1">Private companies</common:class>
                </common:classification>
            </classificationInformation>
            <contactAddress xml:lang="en">Studies and Development Department</contactAddress>
            <email>weee-lci@ecosystem.eco</email>
            <WWWAddress>https://www.ecosystem.eco/</WWWAddress>
            <centralContactPoint xml:lang="en">weee-lci@ecosystem.eco</centralContactPoint>
            <contactDescriptionOrComment xml:lang="en">ecosystem is a not-for-profit organisation accredited by the French Authorities. In accordance with French and European regulations, ecosystem carries out a mission of public interest, i.e. the deployment throughout France of a system for collection, depollution and recycling of household and professional WEEE, lamps and small fire extinguishers. 
More details are provided on ecosystem website : 
https://www.ecosystem.eco/</contactDescriptionOrComment>
            <referenceToLogo type="source data set" refObjectId="1dd78253-ddeb-4686-afb9-3427dff20c8c" version="01.00.000" uri="../sources/1dd78253-ddeb-4686-afb9-3427dff20c8c.xml">
                <common:shortDescription xml:lang="en">Logo ecosystem</common:shortDescription>
            </referenceToLogo>
        </dataSetInformation>
    </contactInformation>
    <administrativeInformation>
        <dataEntryBy>
            <common:timeStamp>2021-02-08T21:03:52.926+01:00</common:timeStamp>
            <common:referenceToDataSetFormat type="source data set" refObjectId="a97a0155-0234-4b87-b4ce-a45da52f2a40" uri="../sources/a97a0155-0234-4b87-b4ce-a45da52f2a40.xml">
                <common:shortDescription xml:lang="en">ILCD format</common:shortDescription>
            </common:referenceToDataSetFormat>
        </dataEntryBy>
        <publicationAndOwnership>
            <common:dataSetVersion>01.00.000</common:dataSetVersion>
        </publicationAndOwnership>
    </administrativeInformation>
</contactDataSet>
