<?xml version="1.0" encoding="UTF-8" standalone="yes"?><?xml-stylesheet type='text/xsl' href='../../stylesheets/contact2html.xsl'?>
<contactDataSet xmlns:common="http://lca.jrc.it/ILCD/Common" xmlns="http://lca.jrc.it/ILCD/Contact" xmlns:xsi="http://www.w3.org/2001/XMLSchema-instance" version="1.1" xsi:schemaLocation="http://lca.jrc.it/ILCD/Contact ../../schemas/ILCD_ContactDataSet.xsd">
    <contactInformation>
        <dataSetInformation>
            <common:UUID>99a9dd78-4a5e-4e63-9646-20009486ac0f</common:UUID>
            <common:shortName xml:lang="en">AMVALOR et Arts et Métiers</common:shortName>
            <common:name xml:lang="en">AMVALOR et Arts et Métiers</common:name>
            <classificationInformation>
                <common:classification>
                    <common:class level="0">Organisations</common:class>
                </common:classification>
            </classificationInformation>
            <contactAddress xml:lang="en">Carole CHARBUILLET/Bertrand LARATTE
4 rue du Lac Majeur
BP 50295 - 73375 LE BOURGET DU LAC Cedex</contactAddress>
            <telephone>+33 479253655</telephone>
            <email>chambery@amvalor.eu </email>
            <WWWAddress>https://artsetmetiers.fr/fr/institut/chambery</WWWAddress>
            <centralContactPoint xml:lang="en">chambery@amvalor.eu</centralContactPoint>
            <contactDescriptionOrComment xml:lang="en">AMVALOR accelerate innovations and transform the Arts et Métiers's research activities into economic added values. Its main activites are Industrial research partnerships (direct contracts or contracts with funding), expertise for technological transfer contracts... AMVALOR in Chambéry works on ecodesign, LCA, circular economy linked with the research activites of the Arts et Métiers institute.</contactDescriptionOrComment>
            <referenceToLogo type="source data set" refObjectId="808bbe56-b924-4415-b427-656210594c95" version="01.00.000" uri="../sources/808bbe56-b924-4415-b427-656210594c95.xml">
                <common:shortDescription xml:lang="en">Logo AMVALOR Arts et Métiers</common:shortDescription>
            </referenceToLogo>
        </dataSetInformation>
    </contactInformation>
    <administrativeInformation>
        <dataEntryBy>
            <common:timeStamp>2021-02-08T21:03:08.789+01:00</common:timeStamp>
            <common:referenceToDataSetFormat type="source data set" refObjectId="a97a0155-0234-4b87-b4ce-a45da52f2a40" uri="../sources/a97a0155-0234-4b87-b4ce-a45da52f2a40.xml">
                <common:shortDescription xml:lang="en">ILCD format</common:shortDescription>
            </common:referenceToDataSetFormat>
        </dataEntryBy>
        <publicationAndOwnership>
            <common:dataSetVersion>01.00.000</common:dataSetVersion>
        </publicationAndOwnership>
    </administrativeInformation>
</contactDataSet>
