<?xml version="1.0" encoding="utf-8"?><?xml-stylesheet type='text/xsl' href='../../stylesheets/flow2html.xsl' ?>
<flowDataSet xmlns="http://lca.jrc.it/ILCD/Flow" xmlns:common="http://lca.jrc.it/ILCD/Common" xmlns:xsi="http://www.w3.org/2001/XMLSchema-instance" xsi:schemaLocation="http://lca.jrc.it/ILCD/Flow ../../schemas/ILCD_FlowDataSet.xsd" version="1.1">
  <flowInformation>
    <dataSetInformation>
      <common:UUID>08a91e70-3ddc-11dd-93b4-0050c2490048</common:UUID>
      <name>
        <baseName xml:lang="en">fenpiclonil</baseName>
      </name>
      <classificationInformation>
        <common:elementaryFlowCategorization>
          <common:category level="0">Emissions</common:category>
          <common:category level="1">Emissions to soil</common:category>
          <common:category level="2">Emissions to agricultural soil</common:category>
        </common:elementaryFlowCategorization>
      </classificationInformation>
    </dataSetInformation>
    <quantitativeReference>
      <referenceToReferenceFlowProperty>0</referenceToReferenceFlowProperty>
    </quantitativeReference>
  </flowInformation>
  <modellingAndValidation>
    <LCIMethod>
      <typeOfDataSet>Elementary flow</typeOfDataSet>
    </LCIMethod>
    <complianceDeclarations>
      <compliance>
        <common:referenceToComplianceSystem type="source data set" refObjectId="88d4f8d9-60f9-43d1-9ea3-329c10d7d727" uri="../sources/88d4f8d9-60f9-43d1-9ea3-329c10d7d727.xml">
          <common:shortDescription xml:lang="en">ILCD compliance 1.1</common:shortDescription>
        </common:referenceToComplianceSystem>
        <common:approvalOfOverallCompliance>Fully compliant</common:approvalOfOverallCompliance>
      </compliance>
    </complianceDeclarations>
  </modellingAndValidation>
  <administrativeInformation>
    <dataEntryBy>
      <common:timeStamp>2020-12-08T10:32:46.117+02:00</common:timeStamp>
      <common:referenceToDataSetFormat type="source data set" refObjectId="a97a0155-0234-4b87-b4ce-a45da52f2a40" uri="../sources/a97a0155-0234-4b87-b4ce-a45da52f2a40.xml">
        <common:shortDescription xml:lang="en">ILCD Format</common:shortDescription>
      </common:referenceToDataSetFormat>
    </dataEntryBy>
    <publicationAndOwnership>
      <common:dataSetVersion>01.00.000</common:dataSetVersion>
      <common:permanentDataSetURI>../flows/08a91e70-3ddc-11dd-93b4-0050c2490048.xml</common:permanentDataSetURI>
    </publicationAndOwnership>
  </administrativeInformation>
  <flowProperties>
    <flowProperty dataSetInternalID="0">
      <referenceToFlowPropertyDataSet type="flow property data set" refObjectId="93a60a56-a3c8-11da-a746-0800200b9a66" uri="../flowproperties/93a60a56-a3c8-11da-a746-0800200b9a66.xml">
        <common:shortDescription xml:lang="en">Mass</common:shortDescription>
      </referenceToFlowPropertyDataSet>
      <meanValue>1.0000000E+0</meanValue>
    </flowProperty>
  </flowProperties>
</flowDataSet>
