<?xml version="1.0" encoding="utf-8"?><?xml-stylesheet type='text/xsl' href='../../stylesheets/flowproperty2html.xsl' ?>
<flowPropertyDataSet xmlns="http://lca.jrc.it/ILCD/FlowProperty" xmlns:common="http://lca.jrc.it/ILCD/Common" xmlns:xsi="http://www.w3.org/2001/XMLSchema-instance" xsi:schemaLocation="http://lca.jrc.it/ILCD/FlowProperty ../../schemas/ILCD_FlowPropertyDataSet.xsd" version="1.1">
  <flowPropertiesInformation>
    <dataSetInformation>
      <common:UUID>93a60a56-a3c8-17da-a746-0800200c9a66</common:UUID>
      <common:name xml:lang="en">Radioactivity</common:name>
      <classificationInformation>
        <common:classification>
          <common:class level="0">Technical flow properties</common:class>
        </common:classification>
      </classificationInformation>
    </dataSetInformation>
    <quantitativeReference>
      <referenceToReferenceUnitGroup type="unit group data set" refObjectId="93a60a57-a3c8-16da-a746-0800200c9a66" uri="../unitgroups/93a60a57-a3c8-16da-a746-0800200c9a66.xml">
        <common:shortDescription xml:lang="en">Units of radioactivity</common:shortDescription>
      </referenceToReferenceUnitGroup>
    </quantitativeReference>
  </flowPropertiesInformation>
  <modellingAndValidation>
    <complianceDeclarations>
      <compliance>
        <common:referenceToComplianceSystem type="source data set" refObjectId="88d4f8d9-60f9-43d1-9ea3-329c10d7d727" uri="../sources/88d4f8d9-60f9-43d1-9ea3-329c10d7d727.xml">
          <common:shortDescription xml:lang="en">ILCD compliance 1.1</common:shortDescription>
        </common:referenceToComplianceSystem>
        <common:approvalOfOverallCompliance>Fully compliant</common:approvalOfOverallCompliance>
      </compliance>
    </complianceDeclarations>
  </modellingAndValidation>
  <administrativeInformation>
    <dataEntryBy>
      <common:timeStamp>2016-12-30T12:44:23.288+02:00</common:timeStamp>
      <common:referenceToDataSetFormat type="source data set" refObjectId="a97a0155-0234-4b87-b4ce-a45da52f2a40" uri="../sources/a97a0155-0234-4b87-b4ce-a45da52f2a40.xml">
        <common:shortDescription xml:lang="en">ILCD Format</common:shortDescription>
      </common:referenceToDataSetFormat>
    </dataEntryBy>
    <publicationAndOwnership>
      <common:dataSetVersion>03.00.000</common:dataSetVersion>
      <common:permanentDataSetURI>../flowproperties/93a60a56-a3c8-17da-a746-0800200c9a66.xml</common:permanentDataSetURI>
    </publicationAndOwnership>
  </administrativeInformation>
</flowPropertyDataSet>
